Candidate,Constituency,Party,CriminalCase,Education,TotalAssets,Liabilities
Godam Nagesh,ADILABAD,TRS,0,Post Graduate,"Rs 1,03,78,857","Rs 1,48,784"
Dr. Ramshankar Katheria,AGRA,BJP,21,Doctorate,"Rs 1,46,34,885","Rs 40,35,000"
Paresh Dahyalal Rawal,AHMEDABAD EAST,BJP,0,12th Pass,"Rs 79,52,11,576","Rs 8,14,72,461"
Dr. Solanki Kiritbhai Premjibhai,AHMEDABAD WEST,BJP,0,Post Graduate,"Rs 3,40,85,266","Rs 2,08,007"
Gandhi Dilipkumar Mansukhlal,AHMEDNAGAR,BJP,16,10th Pass,"Rs 6,53,16,725","Rs 3,41,76,876"
Sanwar Lal Jat,AJMER,BJP,0,Doctorate,"Rs 1,80,64,656",Rs 0
Devendra Singh Urf Bhole Singh,AKBARPUR,BJP,0,10th Pass,"Rs 2,85,46,617","Rs 5,59,965"
Dhotre Sanjay Shyamrao,AKOLA,BJP,3,Graduate Professional,"Rs 4,85,01,735","Rs 69,28,458"
K C Venugopal,ALAPPUZHA,INC,0,Post Graduate,"Rs 1,28,56,075","Rs 4,56,010"
P.K.Biju,ALATHUR,CPI(M),0,Post Graduate,"Rs 32,31,047","Rs 3,41,749"
Satish Kumar,ALIGARH,BJP,1,10th Pass,"Rs 5,21,80,006","Rs 7,54,800"
Dasrath Tirkey,ALIPURDUARS,AITC,0,Graduate,"Rs 35,50,353","Rs 2,93,909"
Shyama Charan Gupta,ALLAHABAD,BJP,0,Graduate Professional,"Rs 47,28,51,707",Rs 0
Ajay Tamta,ALMORA,BJP,0,12th Pass,"Rs 63,66,653","Rs 27,57,846"
Mahant Chand Nath Yogi,ALWAR,BJP,0,Graduate,"Rs 1,99,653",Rs 0
Pandula Ravindra Babu,AMALAPURAM,TDP,0,Graduate Professional,"Rs 2,71,31,000","Rs 30,00,000"
Rattan Lal Kataria,AMBALA,BJP,0,Post Graduate,"Rs 4,21,50,634","Rs 8,43,229"
Hariom,AMBEDKAR NAGAR,BJP,0,Post Graduate,"Rs 1,53,18,114",Rs 0
Rahul Gandhi,AMETHI,INC,0,Post Graduate,"Rs 9,40,06,549","Rs 18,00,000"
Adsul Anandrao Vithoba,AMRAVATI,SHS,1,Graduate,"Rs 3,25,96,257","Rs 15,87,104"
Kachhadiya Naranbhai Bhikhabhai,AMRELI,BJP,2,12th Pass,"Rs 3,41,64,801","Rs 49,71,590"
Captain Amarinder Singh,AMRITSAR,INC,3,Graduate,"Rs 86,35,64,071","Rs 48,53,456"
Kanwar Singh Tanwar,AMROHA,BJP,0,5th Pass,"Rs 1,78,84,30,770","Rs 40,36,151"
Muttamsetti Srinivasa Rao,ANAKAPALLE,TDP,1,Illiterate,"Rs 21,32,94,327","Rs 6,48,99,193"
Patel Dilipbhai Manibhai,ANAND,BJP,4,10th Pass,"Rs 7,59,98,610","Rs 76,32,620"
Prem Singh Chandumajra,ANANDPUR SAHIB,SAD,0,Post Graduate,"Rs 14,15,99,902","Rs 22,48,200"
Jutur Chinna Reddy Divakar Reddy,ANANTAPUR,TDP,0,12th Pass,"Rs 22,64,81,020","Rs 32,65,000"
Mehbooba Mufti,ANANTNAG,JKPDP,1,Graduate Professional,"Rs 52,00,000",Rs 0
Bishnu Pada Ray,ANDAMAN & NICOBAR ISLANDS,BJP,1,Graduate,"Rs 56,58,980","Rs 1,75,115"
Dharmendra Kumar,AONLA,BJP,0,10th Pass,"Rs 53,64,652",Rs 0
Hari G,ARAKKONAM,AIADMK,4,Post Graduate,"Rs 3,29,66,706",Rs 0
Kothapalli Geetha,ARAKU,Yuvajana Sramika Rythu Congress Party,0,Post Graduate,"Rs 6,51,47,467","Rs 4,32,61,606"
Aparupa Poddar (Afrin Ali),ARAMBAG,AITC,0,Post Graduate,"Rs 32,71,869","Rs 2,00,000"
V.Elumalai,ARANI,AIADMK,0,Graduate Professional,"Rs 7,04,92,462","Rs 25,000"
Taslim Uddin,ARARIA,RJD,4,Literate,"Rs 4,23,68,468","Rs 10,26,919"
Raj Kumar Singh,ARRAH,BJP,0,Graduate Professional,"Rs 4,84,03,293",Rs 0
Ninong Ering,ARUNACHAL EAST,INC,0,Graduate,"Rs 8,80,65,000",Rs 0
Kiren Rijiju,ARUNACHAL WEST,BJP,0,Graduate Professional,"Rs 1,25,39,868","Rs 4,75,000"
Babul Supriya Boral (Babul Supriyo),ASANSOL,BJP,0,Graduate,"Rs 7,52,89,537","Rs 1,47,48,456"
Ladu Kishore Swain,ASKA,BJD,0,Graduate,"Rs 34,88,390","Rs 25,000"
A Sampath,ATTINGAL,CPI(M),1,Doctorate,"Rs 1,77,91,149","Rs 14,21,392"
Chandrakant Bhaurao Khaire,AURANGABAD,SHS,8,12th Pass,"Rs 9,06,14,560","Rs 2,03,07,244"
Sushil Kumar Singh,AURANGABAD,BJP,5,Post Graduate,"Rs 12,78,45,854","Rs 73,21,626"
Biren Singh Engti,AUTONOMOUS DISTRICT,INC,0,Post Graduate,"Rs 3,53,67,390",Rs 0
Mulayam Singh Yadav,AZAMGARH,SP,0,Post Graduate,"Rs 15,96,71,544",Rs 0
Dharmandra Yadav,BADAUN,SP,0,Post Graduate,"Rs 2,49,87,715","Rs 89,50,291"
P.C. Gaddigoudar,BAGALKOT,BJP,0,Graduate Professional,"Rs 3,63,62,500","Rs 95,89,199"
Dr. Satyapal Singh,BAGHPAT,BJP,0,Doctorate,"Rs 6,74,02,076","Rs 3,52,000"
Adhir Ranjan Chowdhury,BAHARAMPUR,INC,16,10th Pass,"Rs 8,14,65,854",Rs 0
Savitri Bai Foole,BAHRAICH,BJP,8,Graduate,"Rs 11,21,491","Rs 5,38,145"
Bodhsingh Bhagat,BALAGHAT,BJP,0,Graduate,"Rs 2,49,59,436","Rs 13,93,732"
Rabindra Kumar Jena,BALASORE,BJD,0,Post Graduate,"Rs 57,01,39,716","Rs 5,58,93,020"
Bharat Singh,BALLIA,BJP,3,Graduate,"Rs 2,11,30,089","Rs 11,02,553"
Arpita Ghosh,BALURGHAT,AITC,0,Graduate,"Rs 5,44,790",Rs 0
Chaudhry Haribhai Parthibhai,BANASKANTHA,BJP,0,Graduate,"Rs 1,57,73,564",Rs 0
Bhairon Prasad Mishra,BANDA,BJP,3,12th Pass,"Rs 5,00,34,910","Rs 6,00,000"
P.C. Mohan,BANGALORE CENTRAL,BJP,2,12th Pass,"Rs 47,57,96,999","Rs 26,11,11,285"
D.V. Sadananda Gowda,BANGALORE NORTH,BJP,0,Graduate Professional,"Rs 9,88,88,874","Rs 3,70,20,152"
D.K.Suresh,BANGALORE RURAL,INC,8,12th Pass,"Rs 85,87,13,138","Rs 18,48,54,756"
Ananth Kumar,BANGALORE SOUTH,BJP,0,Graduate Professional,"Rs 4,52,24,706","Rs 28,83,233"
Kapil Krishna Thakur,BANGAON,AITC,0,Graduate,"Rs 96,67,890",Rs 0
Jaiprakash Narayan Yadav,BANKA,RJD,2,Post Graduate,"Rs 2,78,46,274","Rs 7,91,539"
Sreemati Dev Varma (Moon Moon Sen),BANKURA,AITC,0,Post Graduate,"Rs 1,53,14,000","Rs 10,13,000"
Kamlesh Paswan,BANSGAON,BJP,0,Graduate,"Rs 10,16,40,625","Rs 1,45,68,500"
Manshankar Ninama,BANSWARA,BJP,0,8th Pass,"Rs 40,40,285","Rs 8,70,146"
Malyadri Sriram,BAPATLA,TDP,0,Post Graduate,"Rs 4,53,59,744",Rs 0
Priyanka Singh Rawat,BARABANKI,BJP,0,Post Graduate,"Rs 1,31,75,500","Rs 14,50,000"
Supriya Sule,BARAMATI,NCP,0,Graduate,"Rs 1,13,90,90,851",Rs 0
Muzaffar Hussain Baig,BARAMULLA,JKPDP,0,Post Graduate,"Rs 20,07,07,183","Rs 1,14,01,285"
Dr. Kakali Ghoshdostidar,BARASAT,AITC,0,Graduate Professional,"Rs 3,12,54,311","Rs 11,68,220"
Sunil Kumar Mondal,BARDHAMAN PURBA,AITC,0,Graduate Professional,"Rs 1,18,41,000","Rs 14,20,000"
Mamtaz Sanghamita,BARDHAMAN-DURGAPUR,AITC,0,Post Graduate,"Rs 10,76,80,000",Rs 0
Parbhubhai Nagarbhai Vasava,BARDOLI,BJP,1,Others,"Rs 1,59,09,957","Rs 13,53,400"
Santosh Gangwar,BAREILLY,BJP,0,Graduate Professional,"Rs 3,86,02,862","Rs 17,77,215"
Prabhas Kumar Singh,BARGARH,BJD,0,Doctorate,"Rs 57,86,971","Rs 6,70,000"
Col. Sona Ram,BARMER,BJP,1,Graduate Professional,"Rs 17,46,78,454","Rs 55,84,331"
Siraj Uddin Ajmal,BARPETA,AIUDF,0,Graduate,"Rs 67,08,06,607",Rs 0
Dinesh Trivedi,BARRACKPUR,AITC,0,Post Graduate,"Rs 5,35,82,340","Rs 1,56,61,349"
Idris Ali,BASIRHAT,AITC,9,Graduate Professional,"Rs 98,00,277",Rs 0
Dinesh Kashyap,BASTAR,BJP,1,Post Graduate,"Rs 1,61,08,199","Rs 21,91,216"
Harish Chandra,BASTI,BJP,2,Post Graduate,"Rs 53,50,882","Rs 8,60,185"
Harsimrat Kaur Badal,BATHINDA,SAD,0,10th Pass,"Rs 1,08,16,64,910","Rs 41,26,34,299"
Munde Gopinathrao Pandurang,BEED,BJP,3,Graduate Professional,"Rs 38,00,72,890","Rs 33,57,29,817"
Bhola Singh,BEGUSARAI,BJP,0,Doctorate,"Rs 2,52,48,102",Rs 0
Suresh Angadi,BELGAUM,BJP,1,Graduate Professional,"Rs 41,70,03,065","Rs 36,62,83,849"
B Sreeramulu,BELLARY,BJP,8,Graduate,"Rs 15,13,92,844","Rs 40,50,947"
Sidhant Mohapatra,BERHAMPUR,BJD,0,Graduate,"Rs 1,64,62,430","Rs 11,83,828"
Jyoti Dhurve,BETUL,BJP,2,Post Graduate,"Rs 2,62,32,000","Rs 10,00,000"
Virendra Singh,BHADOHI,BJP,0,Graduate,"Rs 1,15,31,458","Rs 7,91,186"
Arjun Charan Sethi,BHADRAK,BJD,0,Post Graduate,"Rs 67,30,000","Rs 24,24,000"
Shailesh Kumar Urph Bulo Mandal,BHAGALPUR,RJD,1,12th Pass,"Rs 2,02,16,734",Rs 0
Nanabhau Falgunrao Patole,BHANDARA-GONDIYA,BJP,5,Graduate,"Rs 1,27,38,190",Rs 0
Bahadur Singh,BHARATPUR,BJP,0,Literate,"Rs 1,91,42,363","Rs 13,33,100"
Mansukhbhai Dhanjibhai Vasava,BHARUCH,BJP,0,Post Graduate,"Rs 65,71,062","Rs 6,39,000"
Shyal Bhartiben Dhirubhai,BHAVNAGAR,BJP,0,Graduate Professional,"Rs 77,48,925","Rs 30,72,058"
Subhash Chandra Baheria,BHILWARA,BJP,0,Graduate,"Rs 14,28,70,042","Rs 86,65,902"
Bhagirath Prasad,BHIND,BJP,0,Doctorate,"Rs 2,12,40,286","Rs 36,87,610"
Kapil Moreshwar Patil,BHIWANDI,BJP,0,Graduate,"Rs 36,37,58,831","Rs 1,06,97,367"
Dharambir,BHIWANI-MAHENDRAGARH,BJP,0,Graduate,"Rs 5,00,57,200","Rs 45,30,000"
Dr. Narsaiah Boora,BHONGIR,TRS,0,Post Graduate,"Rs 20,29,83,225","Rs 1,35,74,088"
Alok Sanjar,BHOPAL,BJP,0,Graduate Professional,"Rs 1,45,94,066","Rs 3,00,000"
"Prasanna Kumar Patasani,",BHUBANESWAR,BJD,0,Post Graduate,"Rs 1,35,57,443","Rs 95,90,067"
Bhagwanth,BIDAR,BJP,0,Graduate Professional,"Rs 5,65,59,290","Rs 1,68,29,000"
Ramesh Jigajinagi,BIJAPUR,BJP,2,Graduate,"Rs 8,94,29,828","Rs 53,05,043"
Kunwar Bhartendra,BIJNOR,BJP,2,Post Graduate,"Rs 2,48,40,646",Rs 0
Arjun Ram Meghwal,BIKANER,BJP,0,Post Graduate,"Rs 1,81,42,863","Rs 12,16,408"
Lakhanlal Sau S/O Kalyan Lal Sahu,BILASPUR,BJP,0,Post Graduate,"Rs 86,61,133","Rs 3,06,357"
Satabdi Roy(Banerjee),BIRBHUM,AITC,0,Graduate,"Rs 5,49,72,174","Rs 54,78,944"
Saumitra Khan,BISHNUPUR,AITC,1,12th Pass,"Rs 11,97,255",Rs 0
Kalikesh Narayan Singh Deo,BOLANGIR,BJD,2,Graduate,"Rs 8,79,55,818","Rs 2,44,10,449"
Anupam Hazra,BOLPUR,AITC,0,Doctorate,"Rs 48,66,883",Rs 0
Dr. Bhola Singh,BULANDSHAHR,BJP,0,Graduate,"Rs 1,25,77,537",Rs 0
Jadhav Prataprao Ganpatrao,BULDHANA,SHS,2,12th Pass,"Rs 3,60,33,147","Rs 6,84,092"
Ashwini Kumar Choubey,BUXAR,BJP,0,Graduate,"Rs 2,20,94,499","Rs 19,23,552"
Innocent,CHALAKUDY,IND,0,8th Pass,"Rs 5,44,74,761","Rs 13,03,000"
R. Dhruvanarayana,CHAMARAJANAGAR,INC,0,Post Graduate,"Rs 3,15,19,950","Rs 26,05,818"
Mahendra Nath,CHANDAULI,BJP,0,Doctorate,"Rs 2,64,89,505","Rs 11,14,000"
Smt. Kirron Kher,CHANDIGARH,BJP,0,Post Graduate,"Rs 33,53,43,871","Rs 18,86,187"
Dr. Harsh Vardhan,CHANDNI CHOWK,BJP,2,Post Graduate,"Rs 2,82,29,308","Rs 17,80,492"
Ahir Hansraj Gangaram,CHANDRAPUR,BJP,11,10th Pass,"Rs 1,55,48,000","Rs 99,500"
Sunil Kumar Singh,CHATRA,BJP,0,Post Graduate,"Rs 17,47,44,806","Rs 9,50,052"
S.R. Vijayakumar,CHENNAI CENTRAL,AIADMK,0,Graduate Professional,"Rs 1,34,01,510","Rs 3,50,483"
Venkatesh Babu .T.G,CHENNAI NORTH,AIADMK,0,Post Graduate,"Rs 3,70,38,275","Rs 8,04,032"
Dr. J. Jayavardhan,CHENNAI SOUTH,AIADMK,0,Graduate Professional,"Rs 3,39,59,072","Rs 1,09,81,100"
Konda Vishweshwar Reddy,CHEVELLA,TRS,0,Post Graduate,"Rs 5,28,62,30,210","Rs 7,41,11,133"
Kamal Nath,CHHINDWARA,INC,0,Graduate,"Rs 2,06,90,80,434","Rs 5,11,72,087"
Rathwa Ramsingbhai Patalbhai,CHHOTA UDAIPUR,BJP,0,Post Graduate,"Rs 3,97,69,675","Rs 97,63,903"
M.Chandrakasi,CHIDAMBARAM,AIADMK,0,Graduate,"Rs 72,43,646","Rs 20,20,472"
M Veerappa Moily,CHIKKBALLAPUR,INC,0,Graduate Professional,"Rs 13,73,66,682","Rs 3,94,33,827"
Prakash Hukkeri,CHIKKODI,INC,0,12th Pass,"Rs 7,57,17,628","Rs 36,35,650"
B.N.Chandrappa,CHITRADURGA,INC,0,Post Graduate,"Rs 4,83,03,759","Rs 1,38,00,000"
Naramalli Sivaprasad,CHITTOOR,TDP,0,Graduate Professional,"Rs 1,48,78,003",Rs 0
Chandra Prakash,CHITTORGARH,BJP,0,Graduate,"Rs 1,41,34,693","Rs 6,87,284"
Rahul Kaswan,CHURU,BJP,0,Graduate,"Rs 2,57,21,266","Rs 53,86,104"
"Nagarajan, P.",COIMBATORE,AIADMK,0,Graduate Professional,"Rs 3,43,06,545","Rs 22,35,538"
Renuka Sinha,COOCHBEHAR,AITC,0,Graduate Professional,"Rs 1,30,17,282",Rs 0
A.Arunmozhithevan,CUDDALORE,AIADMK,9,Graduate Professional,"Rs 1,57,65,250",Rs 0
Bhartruhari Mahatab,CUTTACK,BJD,0,Post Graduate,"Rs 8,88,34,098",Rs 0
Natubhai G. Patel,DADRA & NAGAR HAVELI,BJP,5,5th Pass,"Rs 15,47,60,217","Rs 6,22,86,836"
Bhabhor Jasvantsinh Sumanbhai,DAHOD,BJP,0,Graduate Professional,"Rs 1,96,61,231","Rs 17,41,547"
Nalin Kumar Katil,DAKSHINA KANNADA,BJP,1,10th Pass,"Rs 87,89,001","Rs 14,93,367"
Patel Lalubhai Babubhai,DAMAN & DIU,BJP,0,8th Pass,"Rs 14,49,31,238","Rs 12,34,039"
Prahalad Singh Patel,DAMOH,BJP,0,Graduate Professional,"Rs 3,95,86,235","Rs 1,24,29,302"
Kirti Azad,DARBHANGA,BJP,4,Graduate,"Rs 2,85,31,267","Rs 4,31,860"
Surendrajeet Singh Ahluwalia,DARJEELING,BJP,0,Graduate Professional,"Rs 2,33,77,223","Rs 4,43,035"
Harish Chandra,DAUSA,BJP,0,Graduate,"Rs 6,03,94,789","Rs 45,000"
G.M. Siddeshwara,DAVANAGERE,BJP,0,10th Pass,"Rs 23,23,75,703","Rs 1,79,51,455"
Kalraj Mishra,DEORIA,BJP,0,Post Graduate,"Rs 5,50,48,193",Rs 0
Manohar Untwal,DEWAS,BJP,0,12th Pass,"Rs 63,36,490","Rs 14,48,086"
Pashupati Nath Singh,DHANBAD,BJP,1,Graduate,"Rs 2,42,48,150",Rs 0
Savitri Thakur,DHAR,BJP,0,10th Pass,"Rs 96,06,464","Rs 15,82,845"
Anbumani Ramadoss,DHARMAPURI,PMK,8,Graduate Professional,"Rs 31,43,78,451","Rs 4,19,41,065"
Pralhad Joshi,DHARWAD,BJP,1,Graduate,"Rs 4,19,79,658","Rs 67,39,989"
Rekha,DHAURAHRA,BJP,0,12th Pass,"Rs 1,04,35,468","Rs 23,75,000"
Tathagata Satpathy,DHENKANAL,BJD,7,Others,"Rs 3,54,34,099",Rs 0
Badruddin Ajmal,DHUBRI,AIUDF,1,Post Graduate,"Rs 43,27,48,134",Rs 0
Bhamare Subhash Ramrao,DHULE,BJP,0,Post Graduate,"Rs 12,58,33,320","Rs 6,60,757"
Abhishek Banerjee,DIAMOND HARBOUR,AITC,0,Post Graduate,"Rs 1,51,99,272",Rs 0
Rameshwar Teli,DIBRUGARH,BJP,0,10th Pass,"Rs 9,77,943",Rs 0
Udhaya Kumar .M,DINDIGUL,AIADMK,0,Post Graduate,"Rs 2,78,10,000","Rs 28,00,000"
Chavan Harishchandra Deoram,DINDORI,BJP,1,Graduate,"Rs 3,72,40,147","Rs 8,81,137"
Jagdambika Pal,DOMARIYAGANJ,BJP,0,Post Graduate,"Rs 1,78,22,082","Rs 49,81,555"
Saugata Roy,DUM DUM,AITC,0,Post Graduate,"Rs 1,94,52,011","Rs 25,00,000"
Shibu Soren,DUMKA,JMM,0,10th Pass,"Rs 4,67,60,684","Rs 14,79,721"
Tamradwaj Sahu,DURG,INC,0,12th Pass,"Rs 2,10,02,226","Rs 17,77,720"
Mahesh Giri,EAST DELHI,BJP,1,10th Pass,"Rs 52,16,375","Rs 4,00,000"
Venkateswara Rao Maganti,ELURU,TDP,2,10th Pass,"Rs 12,93,94,729","Rs 5,52,94,433"
K.V. Thomas,ERNAKULAM,INC,0,Post Graduate,"Rs 1,18,48,550","Rs 5,22,352"
Selvakumara Chinnayan S,ERODE,AIADMK,0,Post Graduate,"Rs 4,74,59,708",Rs 0
Rajvir Singh,ETAH,BJP,0,Graduate Professional,"Rs 25,19,21,157","Rs 4,68,98,091"
Ashok Kumar Doharey,ETAWAH,BJP,0,Graduate,"Rs 1,22,52,688",Rs 0
Lallu Singh,FAIZABAD,BJP,1,Post Graduate,"Rs 1,51,27,861","Rs 36,40,964"
Krishan Pal,FARIDABAD,BJP,0,Graduate Professional,"Rs 29,64,40,144","Rs 1,97,07,475"
Prof. Sadhu Singh,FARIDKOT,AAP,0,Post Graduate,"Rs 58,79,516","Rs 70,000"
Mukesh Rajput,FARRUKHABAD,BJP,0,Graduate,"Rs 2,61,78,100","Rs 1,51,603"
Harinder Singh Khalsa,FATEHGARH SAHIB,AAP,0,Post Graduate,"Rs 3,55,88,128","Rs 67,00,000"
Sadhavi Niranjan Jyoti,FATEHPUR,BJP,1,12th Pass,"Rs 37,63,779","Rs 1,76,616"
Babulal,FATEHPUR SIKRI,BJP,3,12th Pass,"Rs 7,30,28,848","Rs 1,63,90,000"
Akshay Yadav,FIROZABAD,SP,0,Graduate,"Rs 10,08,83,304","Rs 59,377"
Sher Singh Ghubaya,FIROZPUR,SAD,0,10th Pass,"Rs 9,61,21,057","Rs 51,33,876"
Ashok Mahadeorao Nete,GADCHIROLI-CHIMUR,BJP,0,12th Pass,"Rs 1,21,25,676","Rs 58,30,550"
Lal Krishna Advani,GANDHINAGAR,BJP,1,Graduate Professional,"Rs 7,59,15,276",Rs 0
Nihalchand,GANGANAGAR,BJP,0,Graduate,"Rs 1,08,61,172","Rs 16,11,557"
(Maj Gen (Retd.) ) Bhuwan Chandra Khanduri (Avsm),GARHWAL,BJP,0,Graduate Professional,"Rs 4,43,57,368",Rs 0
Smt. Bijoya Chakraborty,GAUHATI,BJP,0,Post Graduate,"Rs 1,25,74,493",Rs 0
Mahesh Sharma,GAUTAM BUDHHA NAGAR,BJP,0,Graduate Professional,"Rs 47,37,97,545","Rs 4,09,05,738"
Hari Manjhi,GAYA,BJP,1,8th Pass,"Rs 1,01,84,120","Rs 20,00,000"
Deepak Adhikari (Dev),GHATAL,AITC,0,10th Pass,"Rs 15,24,47,159","Rs 1,74,93,227"
Vijay Kumar Singh,GHAZIABAD,BJP,2,Doctorate,"Rs 4,11,37,044","Rs 20,26,774"
Manoj Sinha,GHAZIPUR,BJP,0,Graduate Professional,"Rs 2,33,76,901","Rs 1,18,700"
Harinarayan Rajbhar,GHOSI,BJP,0,Literate,"Rs 2,34,03,964",Rs 0
Ravindra Kumar Pandey,GIRIDIH,BJP,0,Graduate,"Rs 7,33,76,970","Rs 19,70,628"
Nishikant Dubey,GODDA,BJP,5,Post Graduate,"Rs 15,56,33,719",Rs 0
Kirti Vardhan Singh,GONDA,BJP,0,Post Graduate,"Rs 7,47,38,429","Rs 92,75,782"
Janak Ram,GOPALGANJ,BJP,2,Post Graduate,"Rs 1,05,82,664","Rs 10,39,000"
Adityanath,GORAKHPUR,BJP,3,Graduate,"Rs 72,17,674",Rs 0
Mallikarjun Kharge,GULBARGA,INC,0,Graduate Professional,"Rs 10,22,20,880","Rs 74,10,154"
Jyotiraditya M. Scindia,GUNA,INC,0,Post Graduate,"Rs 33,08,88,751","Rs 7,95,000"
Jayadev Galla,GUNTUR,TDP,0,Graduate,"Rs 6,83,05,81,361","Rs 20,23,34,283"
Vinod Khanna,GURDASPUR,BJP,0,Graduate,"Rs 66,93,43,376","Rs 1,26,95,306"
Inderjit Singh,GURGAON,BJP,0,Graduate Professional,"Rs 25,06,98,763",Rs 0
Narendra Singh Tomar,GWALIOR,BJP,1,Graduate,"Rs 1,14,12,622","Rs 45,31,444"
Ram Vilas Paswan,HAJIPUR,LJP,2,Post Graduate,"Rs 96,42,023",Rs 0
Anurag Singh Thakur,HAMIRPUR,BJP,10,Graduate,"Rs 4,65,35,803","Rs 20,74,555"
Kunwar Pushpendra Singh,HAMIRPUR,BJP,1,Post Graduate,"Rs 7,12,65,181","Rs 28,25,539"
Anshul Verma,HARDOI,BJP,0,Post Graduate,"Rs 3,03,85,000",Rs 0
Ramesh Pokhariyal Nishank,HARDWAR,BJP,1,Doctorate,"Rs 1,79,17,274","Rs 18,60,684"
H.D. Devegowda,HASSAN,JD(S),0,Others,"Rs 4,27,21,242","Rs 86,48,283"
Rajesh Kumar,HATHRAS,BJP,0,Graduate Professional,"Rs 56,51,457",Rs 0
Raju Shetty,HATKANANGLE,Swabhimani Paksha,12,10th Pass,"Rs 98,96,221","Rs 15,04,152"
Udasi Shivakumar Channabasappa,HAVERI,BJP,0,Graduate,"Rs 57,66,93,538","Rs 5,44,23,645"
Jayant Sinha,HAZARIBAGH,BJP,0,Post Graduate,"Rs 55,67,54,579","Rs 8,63,80,600"
Kristappa Nimmala,HINDUPUR,TDP,2,Graduate,"Rs 3,57,93,637","Rs 9,98,480"
Rajeev Shankarrao Satav,HINGOLI,INC,0,Graduate Professional,"Rs 4,96,81,499","Rs 5,84,357"
Dushyant Chautala,HISAR,INLD,0,Graduate,"Rs 36,13,26,990","Rs 6,87,44,460"
Ratna De,HOOGHLY,AITC,0,Graduate Professional,"Rs 1,86,17,758",Rs 0
Uday Pratap Singh,HOSHANGABAD,BJP,1,Graduate,"Rs 13,33,75,092","Rs 37,75,714"
Vijay Sampla,HOSHIARPUR,BJP,0,10th Pass,"Rs 1,51,64,322","Rs 40,20,543"
Prasun Banerjee,HOWRAH,AITC,0,Graduate,"Rs 1,00,41,098",Rs 0
Asaduddin Owaisi,HYDERABAD,All India Majlis-E-Ittehadul Muslimeen,4,Graduate Professional,"Rs 4,06,11,099","Rs 1,40,00,000"
Adv.Joice George,IDUKKI,IND,4,Post Graduate,"Rs 1,73,96,207","Rs 94,17,720"
Sumitra Mahajan,INDORE,BJP,0,Post Graduate,"Rs 1,87,32,234","Rs 35,39,000"
Dr. Thokchom Meinya,INNER MANIPUR,INC,0,Doctorate,"Rs 38,25,200",Rs 0
Rakesh Singh Urf Ghanshyam Singh,JABALPUR,BJP,1,Graduate,"Rs 2,65,64,889",Rs 0
Sugata Bose,JADAVPUR,AITC,0,Doctorate,"Rs 4,63,15,770",Rs 0
Kulamani Samal,JAGATSINGHPUR,BJD,0,Graduate Professional,"Rs 2,51,58,570",Rs 0
Dr. Arun Kumar,JAHANABAD,Rashtriya Lok Samta Party,1,Doctorate,"Rs 3,88,46,631","Rs 10,00,000"
Ramcharan Bohara,JAIPUR,BJP,0,12th Pass,"Rs 13,58,09,546","Rs 2,38,71,000"
Rajyavardhan Singh Rathore,JAIPUR RURAL,BJP,0,Graduate,"Rs 8,37,34,044","Rs 1,17,065"
Rita Tarai,JAJPUR,BJD,0,12th Pass,"Rs 16,22,003",Rs 0
Santokh Singh Chaudhary,JALANDHAR,INC,0,Graduate Professional,"Rs 10,40,40,531","Rs 61,94,323"
Bhanu Pratap Singh,JALAUN,BJP,0,Post Graduate,"Rs 57,74,068","Rs 6,50,000"
Patil Ashok Tapiram,JALGAON,BJP,0,Graduate,"Rs 22,61,80,395",Rs 0
Danve Raosaheb Dadarao,JALNA,BJP,4,Graduate,"Rs 18,44,11,862","Rs 85,34,130"
Devji Patel,JALORE,BJP,0,10th Pass,"Rs 5,18,46,777","Rs 1,27,80,726"
Bijoy Chandra Barman,JALPAIGURI,AITC,0,Post Graduate,"Rs 93,96,430","Rs 7,97,019"
Jugal Kishore,JAMMU,BJP,0,10th Pass,"Rs 2,68,24,308","Rs 3,00,000"
Maadam Poonamben Hematbhai,JAMNAGAR,BJP,0,Graduate,"Rs 17,43,72,249","Rs 6,28,24,615"
Chirag Kumar Paswan,JAMUI,LJP,0,12th Pass,"Rs 1,04,14,470","Rs 44,58,954"
Abhijit Mukherjee,JANGIPUR,INC,0,Graduate Professional,"Rs 6,30,14,502","Rs 1,51,60,000"
Smt. Kamla Patle,JANJGIR-CHAMPA,BJP,0,12th Pass,"Rs 1,82,24,350",Rs 0
Krishna Pratap,JAUNPUR,BJP,0,Doctorate,"Rs 4,06,56,909","Rs 46,73,939"
Pratima Mondal,JAYNAGAR,AITC,0,Post Graduate,"Rs 1,06,14,252",Rs 0
Dushyant,JHALAWAR-BARAN,BJP,0,Post Graduate,"Rs 23,90,06,838","Rs 27,98,782"
Birendra Kumar Chaudhary,JHANJHARPUR,BJP,0,Post Graduate,"Rs 51,58,792",Rs 0
Uma Bharti,JHANSI,BJP,13,5th Pass,"Rs 1,43,76,218",Rs 0
Uma Saren,JHARGRAM,AITC,0,Graduate Professional,"Rs 4,99,646",Rs 0
Santosh Ahlawat,JHUNJHUNU,BJP,0,Post Graduate,"Rs 3,58,97,048","Rs 57,04,000"
Gajendrasingh Shekhawat,JODHPUR,BJP,0,Post Graduate,"Rs 14,34,91,494","Rs 9,21,98,588"
Kamakhya Prasad Tasa,JORHAT,BJP,0,Post Graduate,"Rs 16,94,785",Rs 0
Chudasama Rajeshbhai Naranbhai,JUNAGADH,BJP,1,12th Pass,"Rs 74,46,059","Rs 11,10,690"
Chavda Vinod Lakhmashi,KACHCHH,BJP,0,Graduate Professional,"Rs 56,18,643","Rs 4,11,255"
Avinash Reddy Yeduguri Sandinti,KADAPA,Yuvajana Sramika Rythu Congress Party,1,Post Graduate,"Rs 7,04,80,623","Rs 55,47,296"
Hukum Singh,KAIRANA,BJP,2,Graduate Professional,"Rs 2,90,78,847","Rs 29,41,671"
Brij Bhusan Sharan Singh,KAISERGANJ,BJP,2,Graduate Professional,"Rs 6,16,96,767","Rs 1,15,56,027"
Thota Venkata Narasimham,KAKINADA,TDP,0,Graduate,"Rs 1,74,95,976","Rs 1,20,000"
Arka Keshari Deo,KALAHANDI,BJD,0,Graduate,"Rs 6,98,22,063","Rs 8,31,688"
Gourav Gogoi,KALIABOR,INC,0,Post Graduate,"Rs 54,73,199","Rs 10,42,133"
K. Kamaraj,KALLAKURICHI,AIADMK,0,Post Graduate,"Rs 3,54,59,256","Rs 5,44,099"
Dr.Shrikant Eknath Shinde,KALYAN,SHS,0,Graduate Professional,"Rs 9,98,000",Rs 0
Maragatham K,KANCHEEPURAM,AIADMK,0,12th Pass,"Rs 1,89,49,050","Rs 44,68,600"
Hemendra Chandra Singh,KANDHAMAL,BJD,2,Graduate,"Rs 50,39,07,437","Rs 47,86,551"
Shanta Kumar,KANGRA,BJP,0,Graduate Professional,"Rs 1,98,52,104",Rs 0
Vikram Usendi,KANKER,BJP,0,10th Pass,"Rs 2,33,76,000","Rs 8,69,000"
Dimple Yadav,KANNAUJ,SP,0,Graduate,"Rs 28,05,16,418","Rs 69,17,710"
Radhakrishnan P.,KANNIYAKUMARI,BJP,0,Graduate Professional,"Rs 4,09,63,269",Rs 0
P K Sreemathi,KANNUR,CPI(M),8,Others,"Rs 1,69,39,970",Rs 0
Dr.Murli Manohar Joshi,KANPUR,BJP,1,Doctorate,"Rs 7,84,10,008",Rs 0
Sisir Kumar Adhikari,KANTHI,AITC,1,12th Pass,"Rs 1,94,98,381",Rs 0
Upendra Kushwaha,KARAKAT,Rashtriya Lok Samta Party,4,Post Graduate,"Rs 2,48,29,741","Rs 8,23,834"
Manoj Rajoria,KARAULI-DHOLPUR,BJP,0,Post Graduate,"Rs 2,86,36,113","Rs 32,77,324"
Radheshyam Biswas,KARIMGANJ,AIUDF,0,12th Pass,"Rs 70,68,281",Rs 0
Vinod Kumar Boinapally,KARIMNAGAR,TRS,0,Graduate Professional,"Rs 9,72,75,990",Rs 0
Ashwini Kumar,KARNAL,BJP,6,Graduate,"Rs 69,86,38,135","Rs 15,39,37,858"
Thambidurai.M,KARUR,AIADMK,2,Doctorate,"Rs 13,24,57,262","Rs 5,14,81,886"
P Karunakaran,KASARAGOD,CPI(M),6,Post Graduate,"Rs 59,00,345",Rs 0
Shah Tariq Anwar,KATIHAR,NCP,1,Graduate,"Rs 10,46,00,951","Rs 2,04,54,853"
Vinod Kumar,KAUSHAMBI,BJP,0,Graduate,"Rs 2,70,91,681","Rs 1,09,32,227"
Sri Baijayant Panda,KENDRAPARA,BJD,0,Graduate Professional,"Rs 31,24,32,726","Rs 3,00,000"
Sakuntala Laguri,KEONJHAR,BJD,0,10th Pass,"Rs 10,15,31,625",Rs 0
Ranjit Singh Brahmpura,KHADOOR SAHIB,SAD,0,8th Pass,"Rs 17,78,14,755","Rs 42,00,000"
Choudhary Mahboob Ali Kaiser,KHAGARIA,LJP,1,Graduate,"Rs 6,65,69,502",Rs 0
Nagendra Singh,KHAJURAHO,BJP,0,Graduate,"Rs 4,45,38,002",Rs 0
Ponguleti Srinivasa Reddy,KHAMMAM,Yuvajana Sramika Rythu Congress Party,0,12th Pass,"Rs 34,61,50,516","Rs 12,40,000"
Nandkumar Singh Chouhan,KHANDWA,BJP,0,Post Graduate,"Rs 4,01,88,989","Rs 95,61,188"
Subhash Patel,KHARGONE,BJP,0,Post Graduate,"Rs 3,61,38,699","Rs 23,00,000"
Chauhan Devusinh Jesingbhai,KHEDA,BJP,0,12th Pass,"Rs 94,26,376","Rs 10,47,919"
Ajay Kumar,KHERI,BJP,2,Graduate Professional,"Rs 2,65,05,977","Rs 1,00,00,000"
Karia Munda,KHUNTI,BJP,0,Post Graduate,"Rs 74,74,796",Rs 0
Mohammad Asrarul Haque,KISHANGANJ,INC,2,Post Graduate,"Rs 46,16,629",Rs 0
Ravindra Kumar Ray,KODARMA,BJP,0,Doctorate,"Rs 1,05,64,046","Rs 2,00,000"
Naba Kumar Sarania,KOKRAJHAR,IND,3,12th Pass,"Rs 21,55,559",Rs 0
K H Muniyappa,KOLAR,INC,0,Graduate Professional,"Rs 18,46,63,000","Rs 2,78,63,000"
Dhananjay Bhimrao Mahadik,KOLHAPUR,NCP,1,Graduate,"Rs 44,88,82,000","Rs 7,13,33,000"
Subrata Bakshi,KOLKATA DAKSHIN,AITC,0,Graduate Professional,"Rs 1,02,65,428","Rs 1,68,891"
Sudip Bandyopadhyay,KOLKATA UTTAR,AITC,1,Graduate,"Rs 2,20,86,278","Rs 4,50,000"
N.K.Premachandran,KOLLAM,RSP,1,Graduate Professional,"Rs 1,62,28,989","Rs 31,14,638"
Sanganna A. Karadi,KOPPAL,BJP,1,10th Pass,"Rs 1,21,27,000","Rs 68,48,000"
Jhina Hikaka,KORAPUT,BJD,0,Post Graduate,"Rs 88,00,000",Rs 0
Dr. Banshilal Mahato,KORBA,BJP,0,Graduate Professional,"Rs 7,23,03,762","Rs 3,82,905"
Om Birla,KOTA,BJP,2,Post Graduate,"Rs 2,58,70,497","Rs 9,97,366"
Jose K Mani,KOTTAYAM,KC(M),0,Post Graduate,"Rs 2,62,36,371",Rs 0
M .K Raghavan,KOZHIKODE,INC,0,Graduate,"Rs 61,64,901","Rs 15,58,128"
Ashok Kumar.K,KRISHNAGIRI,AIADMK,3,10th Pass,"Rs 11,76,436",Rs 0
Tapas Paul,KRISHNANAGAR,AITC,4,Graduate,"Rs 2,78,29,669",Rs 0
Butta Renuka,KURNOOL,Yuvajana Sramika Rythu Congress Party,1,10th Pass,"Rs 2,42,62,40,513","Rs 31,22,79,927"
Rajkumar Saini,KURUKSHETRA,BJP,0,Graduate,"Rs 13,28,80,476","Rs 2,32,62,108"
Rajesh Pandey Urf Guddu,KUSHI NAGAR,BJP,0,Graduate,"Rs 11,04,07,014","Rs 11,07,357"
Thupstan Chhewang,LADAKH,BJP,0,Graduate Professional,"Rs 1,98,52,701","Rs 80,000"
Sarbananda Sonowal,LAKHIMPUR,BJP,0,Graduate Professional,"Rs 1,44,97,515",Rs 0
Mohammed Faizal.P.P,LAKSHADWEEP,NCP,3,Post Graduate,"Rs 5,38,119",Rs 0
Neelam,LALGANJ,BJP,1,Post Graduate,"Rs 3,38,63,562","Rs 26,31,312"
Gaikwad Sunil Baliram,LATUR,BJP,0,Doctorate,"Rs 1,74,63,251",Rs 0
Sudarshan Bhagat,LOHARDAGA,BJP,0,Graduate,"Rs 90,31,009","Rs 1,78,967"
Raj Nath Singh,LUCKNOW,BJP,0,Post Graduate,"Rs 2,92,40,729",Rs 0
Ravneet Singh Bittu,LUDHIANA,INC,0,12th Pass,"Rs 3,15,09,170","Rs 1,92,000"
Ram Charitra Nishad,MACHHLISHAHR,BJP,0,12th Pass,"Rs 86,41,278",Rs 0
Konakalla Narayana Rao,MACHILIPATNAM,TDP,0,12th Pass,"Rs 3,48,50,000","Rs 98,00,000"
Mohite Patil Vijaysinh Shankarrao,MADHA,NCP,1,10th Pass,"Rs 17,02,53,390","Rs 97,74,791"
Rajesh Ranjan Urf Pappu Yadav,MADHEPURA,RJD,24,Graduate,"Rs 8,12,42,966","Rs 9,56,306"
Hukum Deo Narayan Yadav,MADHUBANI,BJP,0,Graduate,"Rs 7,79,78,890",Rs 0
R.Gopalakrishnan,MADURAI,AIADMK,0,Graduate,"Rs 7,25,03,060","Rs 74,06,366"
Prof. Azmeera Seetaram Naik,MAHABUBABAD,TRS,0,Doctorate,"Rs 80,08,000","Rs 41,00,000"
Janardan Singh Sigriwal,MAHARAJGANJ,BJP,4,Graduate,"Rs 47,95,223","Rs 14,000"
Pankaj,MAHARAJGANJ,BJP,0,12th Pass,"Rs 19,18,19,151","Rs 21,51,048"
Chandu Lal Sahu (Chandu Bhaiya) S/O Late Puneen Ram,MAHASAMUND,BJP,0,Graduate Professional,"Rs 2,08,79,652","Rs 27,00,000"
A P Jithender Reddy,MAHBUBNAGAR,TRS,4,Graduate,"Rs 14,08,31,576","Rs 13,86,969"
Patel Jayshreeben Kanubhai,MAHESANA,BJP,0,10th Pass,"Rs 1,32,78,493","Rs 18,14,057"
Mulayam Singh Yadav,MAINPURI,SP,0,Post Graduate,"Rs 15,96,71,544",Rs 0
E. Ahamed,MALAPPURAM,IUML,0,Graduate Professional,"Rs 1,18,18,952",Rs 0
Abu Hasem Kahn Chowdhury,MALDAHA DAKSHIN,INC,0,Doctorate,"Rs 1,15,60,825","Rs 6,54,320"
Mausam Noor,MALDAHA UTTAR,INC,0,Graduate Professional,"Rs 97,78,222","Rs 28,534"
Ch.Malla Reddy,MALKAJGIRI,TDP,0,12th Pass,"Rs 48,85,25,332","Rs 63,28,146"
Ram Swaroop Sharma,MANDI,BJP,0,10th Pass,"Rs 1,01,78,871","Rs 5,71,823"
Faggan Singh Kulaste,MANDLA,BJP,2,Post Graduate,"Rs 2,57,38,420","Rs 98,311"
Sudhir Gupta,MANDSOUR,BJP,0,Post Graduate,"Rs 5,74,29,237","Rs 30,58,993"
C.S.Puttaraju,MANDYA,JD(S),0,12th Pass,"Rs 4,52,09,196","Rs 1,12,31,000"
Ramen Deka,MANGALDOI,BJP,0,Graduate,"Rs 1,47,82,357","Rs 54,00,953"
Deol Hema Malini Dharmendra,MATHURA,BJP,0,Doctorate,"Rs 1,78,20,15,620","Rs 23,12,34,174"
Choudhury Mohan Jatua,MATHURAPUR,AITC,0,Post Graduate,"Rs 48,57,752",Rs 0
Barne Shrirang Chandu,MAVAL,SHS,2,8th Pass,"Rs 66,50,47,926","Rs 1,17,99,786"
Kodikunnil Suresh,MAVELIKKARA,INC,1,Graduate Professional,"Rs 1,32,51,330","Rs 34,39,654"
Bharathi Mohan R.K,MAYILADUTHURAI,AIADMK,1,12th Pass,"Rs 73,78,589","Rs 9,69,756"
Rama Chandra Hansdah,MAYURBHANJ,BJD,0,Graduate,"Rs 36,30,888",Rs 0
Kalvakuntla Chandrashekar Rao,MEDAK,TRS,2,Graduate,"Rs 15,15,82,464","Rs 7,87,53,620"
Sandhya Roy,MEDINIPUR,AITC,0,Literate,"Rs 3,10,31,095",Rs 0
Rajendra Agarwal,MEERUT,BJP,2,Post Graduate,"Rs 88,03,517","Rs 30,74,600"
Anupriya Singh Patel,MIRZAPUR,Apna Dal,2,Post Graduate,"Rs 2,68,58,156","Rs 18,05,603"
Anju Bala,MISRIKH,BJP,0,Post Graduate,"Rs 3,76,18,214","Rs 12,00,000"
C. L. Ruala,MIZORAM,INC,0,Graduate,"Rs 2,57,33,421",Rs 0
Kaushal Kishore,MOHANLALGANJ,BJP,2,12th Pass,"Rs 2,11,28,221",Rs 0
Kunwar Sarvesh Kumar,MORADABAD,BJP,4,10th Pass,"Rs 7,28,66,898","Rs 6,00,000"
Anoop Mishra,MORENA,BJP,0,12th Pass,"Rs 11,05,23,112","Rs 68,78,160"
Gopal Chinayya Shetty,MUMBAI NORTH,BJP,10,5th Pass,"Rs 9,56,17,889",Rs 0
Poonam Mahajan Alias Poonam Vajendla Rao,MUMBAI NORTH CENTRAL,BJP,0,Others,"Rs 1,08,08,67,626","Rs 41,44,79,088"
Kirit Somaiya,MUMBAI NORTH EAST,BJP,10,Doctorate,"Rs 7,21,56,258","Rs 65,93,325"
Gajanan Chandrakant Kirtikar,MUMBAI NORTH WEST,SHS,0,Graduate,"Rs 5,83,52,000","Rs 22,57,000"
Sawant Arvind Ganpat,MUMBAI SOUTH,SHS,1,Graduate,"Rs 1,30,67,446",Rs 0
Shewale Rahul Ramesh,MUMBAI SOUTH CENTRAL,SHS,1,Others,"Rs 1,33,04,397","Rs 1,05,02,345"
Veena Devi,MUNGER,LJP,0,8th Pass,"Rs 3,11,62,836",Rs 0
Badaruddoza Khan,MURSHIDABAD,CPI(M),0,Graduate Professional,"Rs 27,58,610",Rs 0
Dr. Sanjeev Kumar Balyan,MUZAFFARNAGAR,BJP,1,Doctorate,"Rs 1,07,94,222","Rs 30,90,803"
Ajay Nishad,MUZAFFARPUR,BJP,0,Graduate,"Rs 14,57,12,654","Rs 9,89,888"
Prathap Simha,MYSORE,BJP,0,Post Graduate,"Rs 63,21,591","Rs 43,99,048"
Balabhadra Majhi,NABARANGPUR,BJD,0,Graduate,"Rs 5,29,77,088","Rs 7,05,404"
Neiphiu Rio,NAGALAND,NPF,0,Graduate,"Rs 31,58,34,264",Rs 0
Gopal. Dr. K,NAGAPATTINAM,AIADMK,0,Graduate Professional,"Rs 1,90,74,709","Rs 1,36,29,120"
Nandi Yellaiah,NAGARKURNOOL,INC,0,12th Pass,"Rs 70,48,969",Rs 0
C R Choudhary,NAGAUR,BJP,0,Post Graduate,"Rs 1,79,21,949",Rs 0
Yashwant Singh,NAGINA,BJP,0,Post Graduate,"Rs 3,48,06,740",Rs 0
Gadkari Nitin Jairam,NAGPUR,BJP,4,Graduate Professional,"Rs 15,37,04,475","Rs 1,90,04,037"
Bhagat Singh Koshyari,NAINITAL-UDHAMSINGH NAGAR,BJP,0,Post Graduate,"Rs 55,62,704",Rs 0
Kaushlendra Kumar,NALANDA,JD(U),0,12th Pass,"Rs 1,18,12,717","Rs 4,77,000"
Gutha Sukhender Reddy,NALGONDA,INC,1,12th Pass,"Rs 8,59,07,866","Rs 1,01,03,677"
Sundaram P.R,NAMAKKAL,AIADMK,0,Graduate,"Rs 12,65,39,914","Rs 9,26,77,412"
Shri Chavan Ashokrao Shankarrao,NANDED,INC,0,Post Graduate,"Rs 38,87,58,910","Rs 3,05,13,286"
Dr.Gavit Heena Vaijaykumar,NANDURBAR,BJP,0,Graduate Professional,"Rs 13,11,03,963","Rs 75,71,753"
S.P.Y Reddy,NANDYAL,Yuvajana Sramika Rythu Congress Party,2,Graduate Professional,"Rs 21,95,78,079","Rs 10,77,820"
Rayapati Sambasiva Rao,NARASARAOPET,TDP,2,Graduate,"Rs 59,58,38,093","Rs 5,62,63,516"
Gokaraju Ganga Raju,NARSAPURAM,BJP,1,Graduate,"Rs 2,88,35,67,122","Rs 16,85,01,286"
Godse Hement Tukaram,NASHIK,SHS,1,12th Pass,"Rs 8,36,11,067","Rs 2,35,59,648"
Patil Chandrakant Raghunath,NAVSARI,BJP,7,10th Pass,"Rs 74,47,61,133","Rs 40,58,88,122"
Giriraj Singh,NAWADA,BJP,1,Graduate,"Rs 5,00,54,771",Rs 0
Mekapati Rajamohan Reddy,NELLORE,Yuvajana Sramika Rythu Congress Party,2,Graduate Professional,"Rs 36,17,46,068",Rs 0
Smt. Meenakshi Lekhi,NEW DELHI,BJP,0,Graduate Professional,"Rs 34,99,16,470","Rs 32,75,562"
"Gopalakrishnan, C.",NILGIRIS,AIADMK,0,Post Graduate,"Rs 1,09,41,189","Rs 12,24,754"
Kalvakuntla Kavitha,NIZAMABAD,TRS,8,Graduate Professional,"Rs 6,19,55,750","Rs 32,13,119"
Manoj Tiwari,NORTH EAST DELHI,BJP,0,Post Graduate,"Rs 19,94,83,924","Rs 3,46,45,630"
Shripad Yesso Naik,NORTH GOA,BJP,0,Graduate,"Rs 3,70,19,154","Rs 8,37,843"
Udit Raj,NORTH WEST DELHI,BJP,1,Doctorate,"Rs 4,49,02,363",Rs 0
Rajen Gohain,NOWGONG,BJP,1,Graduate Professional,"Rs 2,47,36,544","Rs 53,28,287"
Yarram Venkata Subbareddy,ONGOLE,Yuvajana Sramika Rythu Congress Party,0,Post Graduate,"Rs 73,54,51,548","Rs 24,05,57,614"
Gaikwad Ravindra Vishwanath,OSMANABAD,SHS,8,Post Graduate,"Rs 3,28,52,793","Rs 59,62,702"
Thangso Baite,OUTER MANIPUR,INC,0,Post Graduate,"Rs 59,47,000","Rs 8,80,000"
M B Rajesh,PALAKKAD,CPI(M),11,Graduate Professional,"Rs 46,76,316","Rs 7,00,680"
Vishnu Dayal Ram,PALAMAU,BJP,0,Graduate,"Rs 2,47,53,886",Rs 0
Wanaga Chintaman Navasha,PALGHAR,BJP,0,Graduate Professional,"Rs 58,09,644","Rs 4,01,000"
P P Choudhary,PALI,BJP,0,Graduate Professional,"Rs 35,35,03,467","Rs 78,92,216"
Chauhan Prabhatsinh Pratapsinh,PANCHMAHAL,BJP,3,10th Pass,"Rs 1,04,64,000",Rs 0
Jadhav Sanjay (Bandu) Haribhau,PARBHANI,SHS,7,10th Pass,"Rs 3,10,16,711","Rs 59,76,851"
Dr. Sanjay Jayaswal,PASCHIM CHAMPARAN,BJP,2,Post Graduate,"Rs 3,59,41,299","Rs 61,97,804"
Ram Kripal Yadav,PATALIPUTRA,BJP,1,Graduate,"Rs 1,39,89,431","Rs 21,00,000"
Vaghela Liladharbhai Khodaji,PATAN,BJP,0,Graduate Professional,"Rs 1,53,84,027",Rs 0
Anto Antony,PATHANAMTHITTA,INC,0,Graduate,"Rs 54,10,884","Rs 42,11,050"
Dr.Dharam Vira Gandhi,PATIALA,AAP,0,Graduate Professional,"Rs 4,51,15,421",Rs 0
Shatrughan Sinha,PATNA SAHIB,BJP,1,Graduate,"Rs 1,31,74,05,961","Rs 16,87,60,929"
Balka Suman,PEDDAPALLE,TRS,1,Post Graduate,"Rs 73,51,329","Rs 6,20,770"
R.P.Marutharajaa,PERAMBALUR,AIADMK,0,Post Graduate,"Rs 2,45,70,213",Rs 0
Keshav Prasad,PHULPUR,BJP,11,Graduate,"Rs 9,32,44,143","Rs 2,43,81,051"
Maneka Sanjay Gandhi,PILIBHIT,BJP,1,12th Pass,"Rs 37,41,32,826","Rs 2,19,202"
Mahendran.C,POLLACHI,AIADMK,0,Post Graduate,"Rs 23,14,30,367","Rs 1,81,28,825"
R. Radhakrishnan,PONDICHERRY,All India N.R. Congress,0,Post Graduate,"Rs 7,77,24,418","Rs 76,58,530"
E. T. Mohammed Basheer,PONNANI,IUML,0,10th Pass,"Rs 1,32,16,259",Rs 0
Radadiya Vithalbhai Hansrajbhai,PORBANDAR,BJP,10,Graduate,"Rs 7,30,03,639","Rs 3,16,000"
Kuwar Harivansh Singh,PRATAPGARH,Apna Dal,5,Graduate,"Rs 38,31,37,665","Rs 14,94,04,112"
Anil Shirole,PUNE,BJP,2,Graduate,"Rs 22,76,15,279","Rs 47,81,007"
Pinaki Mishra,PURI,BJD,0,Graduate Professional,"Rs 1,37,09,91,203","Rs 1,99,75,839"
Santosh Kumar,PURNIA,JD(U),3,12th Pass,"Rs 2,23,16,594","Rs 14,06,515"
Mriganka Mahato,PURULIA,AITC,0,Graduate Professional,"Rs 88,95,210",Rs 0
Radha Mohan Singh,PURVI CHAMPARAN,BJP,0,Graduate,"Rs 2,25,58,073","Rs 42,70,360"
Sonia Gandhi,RAE BARELI,INC,0,Others,"Rs 9,28,95,288",Rs 0
B.V.Nayak,RAICHUR,INC,0,Graduate Professional,"Rs 7,35,02,466",Rs 0
Geete Anant Gangaram,RAIGAD,SHS,0,10th Pass,"Rs 4,44,66,487","Rs 2,39,68,087"
Md. Salim,RAIGANJ,CPI(M),0,Post Graduate,"Rs 78,68,013",Rs 0
Vishnudev Sai,RAIGARH,BJP,0,10th Pass,"Rs 2,15,76,220","Rs 18,19,686"
Ramesh Bais,RAIPUR,BJP,0,12th Pass,"Rs 7,31,90,135","Rs 2,74,902"
Murali Mohan Maganti,RAJAHMUNDRY,TDP,1,12th Pass,"Rs 18,08,22,216","Rs 1,22,45,000"
P.V.Midhun Reddy,RAJAMPET,Yuvajana Sramika Rythu Congress Party,1,Post Graduate,"Rs 22,59,84,036","Rs 81,83,862"
Rodmal Nagar,RAJGARH,BJP,0,Graduate,"Rs 2,85,69,974","Rs 35,86,473"
Mohanbhai Kalyanjibhai Kundariya,RAJKOT,BJP,0,8th Pass,"Rs 3,95,12,950","Rs 23,35,530"
Vijay Kumar Hansdak,RAJMAHAL,JMM,1,5th Pass,"Rs 68,63,306",Rs 0
Abhishek Singh,RAJNANDGAON,BJP,0,Graduate Professional,"Rs 4,40,93,207",Rs 0
Hari Om Singh Rathore,RAJSAMAND,BJP,0,Graduate,"Rs 18,83,10,824","Rs 27,28,752"
Anwhar Raajhaa.A,RAMANATHAPURAM,AIADMK,0,Graduate,"Rs 3,35,82,876","Rs 27,00,000"
Dr. Nepal Singh,RAMPUR,BJP,0,Doctorate,"Rs 2,71,36,042","Rs 16,14,820"
Krupal Balaji Tumane,RAMTEK,SHS,1,Graduate,"Rs 4,65,64,362","Rs 2,16,000"
Tapas Mandal,RANAGHAT,AITC,0,Doctorate,"Rs 81,69,115","Rs 23,83,416"
Ramtahal Choudhary,RANCHI,BJP,0,10th Pass,"Rs 1,07,43,950",Rs 0
Dileep Singh Bhuriya,RATLAM,BJP,0,10th Pass,"Rs 1,22,59,882",Rs 0
Vinayak Bhaurao Raut,RATNAGIRI SINDHUDURG,SHS,5,Post Graduate,"Rs 4,45,68,629","Rs 23,70,842"
Khadase Raksha Nikhil,RAVER,BJP,0,Graduate,"Rs 14,42,22,841",Rs 0
Janardan Mishra,REWA,BJP,0,Graduate Professional,"Rs 1,01,56,568","Rs 1,06,977"
Chhote Lal,ROBERTSGANJ,BJP,0,5th Pass,"Rs 36,87,361","Rs 55,313"
Deepender Singh,ROHTAK,INC,0,Post Graduate,"Rs 35,87,49,354","Rs 3,93,10,300"
Rathod Dipsinh Shankarsinh,SABARKANTHA,BJP,0,8th Pass,"Rs 2,07,00,176","Rs 4,17,585"
Laxmi Narayan Yadav,SAGAR,BJP,1,Graduate Professional,"Rs 2,39,62,099","Rs 9,56,348"
Raghav Lakhanpal,SAHARANPUR,BJP,0,Post Graduate,"Rs 3,54,06,431",Rs 0
Pannerselvam.V,SALEM,AIADMK,0,Graduate Professional,"Rs 3,22,68,097","Rs 2,53,282"
Ravindra Kushawaha,SALEMPUR,BJP,0,12th Pass,"Rs 71,34,477",Rs 0
Ram Chandra Paswan,SAMASTIPUR,LJP,3,10th Pass,"Rs 1,30,58,612",Rs 0
Nagendra Kumar Pradhan,SAMBALPUR,BJD,0,Graduate Professional,"Rs 1,27,96,623","Rs 14,61,565"
Satya Pal Singh,SAMBHAL,BJP,0,Post Graduate,"Rs 1,99,04,379",Rs 0
Sanjaykaka Patil,SANGLI,BJP,0,10th Pass,"Rs 10,87,91,027","Rs 1,91,98,050"
Bhagwant Mann,SANGRUR,AAP,0,12th Pass,"Rs 4,30,57,512","Rs 1,62,81,200"
Sharad Tripathi,SANT KABIR NAGAR,BJP,0,Post Graduate,"Rs 36,97,671","Rs 71,800"
Rajiv Pratap Rudy,SARAN,BJP,1,Post Graduate,"Rs 6,25,45,997","Rs 10,08,658"
Chhedi Paswan,SASARAM,BJP,0,Post Graduate,"Rs 3,57,76,803","Rs 2,75,000"
Shrimant Chh. Udayanraje Pratapsinha Bhonsale,SATARA,NCP,23,12th Pass,"Rs 60,60,89,208","Rs 3,12,941"
Ganesh Singh,SATNA,BJP,2,Post Graduate,"Rs 3,78,00,000",Rs 0
Bandaru Dattatreya,SECUNDERABAD,BJP,3,Graduate,"Rs 9,82,55,148","Rs 4,05,469"
Dalpat Singh Paraste,SHAHDOL,BJP,0,Graduate Professional,"Rs 55,24,870",Rs 0
Krishna Raj,SHAHJAHANPUR,BJP,0,Post Graduate,"Rs 1,65,06,411","Rs 36,12,812"
Rama Devi,SHEOHAR,BJP,6,Graduate Professional,"Rs 30,85,91,850",Rs 0
Vincent H. Pala,SHILLONG,INC,0,Graduate Professional,"Rs 49,71,08,058",Rs 0
Virender Kashyap,SHIMLA,BJP,0,Post Graduate,"Rs 52,28,095",Rs 0
B.S. Yeddyurappa,SHIMOGA,BJP,9,12th Pass,"Rs 6,97,46,267","Rs 5,00,000"
Lokhande Sadashiv Kisan,SHIRDI,SHS,1,10th Pass,"Rs 3,82,94,539","Rs 14,97,168"
Adhalrao Shivaji Dattatrey,SHIRUR,SHS,10,Others,"Rs 25,38,80,475","Rs 6,18,10,866"
Daddan Mishra,SHRAWASTI,BJP,0,Post Graduate,"Rs 2,00,65,527","Rs 2,28,304"
Riti Pathak,SIDHI,BJP,0,Post Graduate,"Rs 3,34,16,561",Rs 0
Sumedha Nand Saraswati,SIKAR,BJP,0,Others,"Rs 34,311",Rs 0
Prem Das Rai,SIKKIM,SDF,0,Post Graduate,"Rs 3,23,89,223",Rs 0
Sushmita Dev,SILCHAR,INC,1,Post Graduate,"Rs 8,74,95,844","Rs 1,20,08,613"
Laxman Giluwa,SINGHBHUM,BJP,4,12th Pass,"Rs 80,94,301","Rs 1,08,145"
Charanjeet Singh,SIRSA,INLD,0,10th Pass,"Rs 81,46,887","Rs 32,60,000"
Ram Kumar Sharma,SITAMARHI,Rashtriya Lok Samta Party,0,Post Graduate,"Rs 92,65,000","Rs 82,000"
Rajesh Kumar Singh,SITAPUR,BJP,0,Post Graduate,"Rs 4,14,18,622","Rs 12,65,000"
Pr Senthilnathan,SIVAGANGA,AIADMK,0,Graduate Professional,"Rs 4,90,50,835","Rs 74,59,581"
Om Prakash Yadav,SIWAN,BJP,1,Graduate,"Rs 22,13,023","Rs 19,56,467"
Sharad Bansode,SOLAPUR,BJP,1,Graduate Professional,"Rs 6,01,52,887","Rs 76,04,375"
Ramesh Kaushik,SONIPAT,BJP,0,Graduate Professional,"Rs 14,28,40,716",Rs 0
Ramesh Bidhuri,SOUTH DELHI,BJP,4,Graduate Professional,"Rs 14,74,93,056",Rs 0
Adv. Narendra Keshav Sawaikar,SOUTH GOA,BJP,0,Graduate Professional,"Rs 62,60,382",Rs 0
Kalyan Banerjee,SREERAMPUR,AITC,1,Graduate Professional,"Rs 8,85,12,676","Rs 85,82,543"
Rammohannaidu Kinjarapu,SRIKAKULAM,TDP,0,Post Graduate,"Rs 8,41,73,423",Rs 0
Tariq Hameed Karra,SRINAGAR,JKPDP,0,Graduate Professional,"Rs 98,45,56,436","Rs 15,00,000"
"Ramachandran, K.N. Thiru",SRIPERUMBUDUR,AIADMK,0,Post Graduate,"Rs 93,67,21,057","Rs 8,08,06,268"
Feroze Varun Gandhi,SULTANPUR,BJP,0,Post Graduate,"Rs 35,73,18,699","Rs 1,81,19,000"
Jual Oram,SUNDARGARH,BJP,1,Others,"Rs 2,42,02,170",Rs 0
Ranjeet Ranjan,SUPAUL,INC,5,12th Pass,"Rs 8,12,42,965",Rs 0
Jardosh Darshnaben Vikrambhai,SURAT,BJP,0,Graduate,"Rs 1,80,38,444","Rs 20,20,458"
Fatepara Devajibhai Govindbhai,SURENDRANAGAR,BJP,1,Literate,"Rs 1,16,85,000",Rs 0
Kamalbhan Singh,SURGUJA,BJP,0,Post Graduate,"Rs 2,47,73,173","Rs 29,95,985"
Suvendu Adhikari,TAMLUK,AITC,2,Post Graduate,"Rs 64,80,767",Rs 0
Mala Rajya Laxmi Shah,TEHRI GARHWAL,BJP,0,12th Pass,"Rs 1,66,21,09,875","Rs 1,49,00,000"
Vasanthi.M,TENKASI,AIADMK,0,Post Graduate,"Rs 2,40,14,922",Rs 0
Ram Prasad Sarmah,TEZPUR,BJP,0,Graduate Professional,"Rs 66,55,300",Rs 0
Vichare Rajan Baburao,THANE,SHS,13,10th Pass,"Rs 10,20,91,612","Rs 1,30,54,217"
Parasuraman.K,THANJAVUR,AIADMK,0,12th Pass,"Rs 14,60,49,347","Rs 2,79,54,352"
"Parthipan, R.",THENI,AIADMK,0,Graduate,"Rs 2,20,47,681","Rs 8,69,650"
Dr. Shashi Tharoor,THIRUVANANTHAPURAM,INC,0,Doctorate,"Rs 23,02,75,186",Rs 0
Jeyasingh Thiyagaraj Natterjee.J,THOOTHUKKUDI,AIADMK,0,Post Graduate,"Rs 98,22,294",Rs 0
C N Jayadevan,THRISSUR,CPI,3,Post Graduate,"Rs 2,00,41,642","Rs 2,94,000"
Dr. Virendra Kumar,TIKAMGARH,BJP,0,Doctorate,"Rs 87,64,635",Rs 0
P.Kumar S/O Palanivel,TIRUCHIRAPPALLI,AIADMK,0,Graduate Professional,"Rs 1,85,22,597","Rs 19,17,891"
Prabakaran.K.R.P,TIRUNELVELI,AIADMK,0,Graduate Professional,"Rs 27,64,500",Rs 0
Varaprasad Rao Velagapalli,TIRUPATI,Yuvajana Sramika Rythu Congress Party,0,Doctorate,"Rs 12,91,28,388","Rs 31,32,962"
V.Sathyabama,TIRUPPUR,AIADMK,2,Post Graduate,"Rs 2,81,08,573","Rs 24,75,755"
Venugopal. P. Dr.,TIRUVALLUR,AIADMK,0,Graduate Professional,"Rs 2,86,43,502","Rs 17,68,538"
Vanaroja R,TIRUVANNAMALAI,AIADMK,0,Post Graduate,"Rs 37,00,000",Rs 0
Sukhbir Singh Jaunapuria,TONK-SAWAI MADHOPUR,BJP,0,12th Pass,"Rs 71,41,24,612",Rs 0
Jitendra Choudhury,TRIPURA EAST,CPI(M),0,12th Pass,"Rs 1,13,22,979","Rs 20,30,773"
Sankar Prasad Datta,TRIPURA WEST,CPI(M),1,Post Graduate,"Rs 13,20,900",Rs 0
S.P.Muddahanumegowda,TUMKUR,INC,0,Graduate Professional,"Rs 3,02,73,812",Rs 0
Purno Agitok Sangma,TURA,NPP,0,Post Graduate,"Rs 21,51,34,618",Rs 0
Arjunlal Meena,UDAIPUR,BJP,0,Post Graduate,"Rs 1,70,49,951","Rs 81,95,866"
Dr. Jitendra Singh,UDHAMPUR,BJP,0,Graduate Professional,"Rs 3,84,64,932","Rs 11,881"
Shobha Karandlaje,UDUPI CHIKMAGALUR,BJP,0,Post Graduate,"Rs 7,20,89,452","Rs 3,81,19,792"
Nityanand Rai,UJIARPUR,BJP,1,Graduate,"Rs 14,67,43,540","Rs 39,65,423"
Chintamani Malviya,UJJAIN,BJP,0,Doctorate,"Rs 1,88,88,754","Rs 54,83,153"
Sultan Ahmed,ULUBERIA,AITC,0,Graduate,"Rs 2,27,92,936","Rs 1,08,78,739"
Swami Sachchidanand Hari Sakshi,UNNAO,BJP,8,Doctorate,"Rs 3,21,37,597",Rs 0
Anantkumar Hegde,UTTARA KANNADA,BJP,0,12th Pass,"Rs 3,23,67,360","Rs 1,51,39,611"
Mullappally Ramachandran,VADAKARA,INC,0,Post Graduate,"Rs 92,25,000","Rs 21,60,000"
Narendra Modi,VADODARA,BJP,0,Post Graduate,"Rs 1,51,57,582",Rs 0
Rama Kishore Singh,VAISHALI,LJP,4,Graduate,"Rs 2,16,10,218","Rs 33,23,006"
Satish Dubey,VALMIKI NAGAR,BJP,3,10th Pass,"Rs 60,61,576","Rs 6,26,789"
Dr. K.C.Patel,VALSAD,BJP,0,Graduate Professional,"Rs 13,11,41,867","Rs 23,81,344"
Narendra Modi,VARANASI,BJP,0,Post Graduate,"Rs 1,65,91,582",Rs 0
"Senguttuvan, B.",VELLORE,AIADMK,0,Post Graduate,"Rs 91,97,355","Rs 4,40,478"
Sushma Swaraj,VIDISHA,BJP,0,Graduate Professional,"Rs 17,55,16,422","Rs 65,00,000"
Srinivas Kesineni,VIJAYAWADA,TDP,3,10th Pass,"Rs 1,28,41,22,669","Rs 71,54,62,989"
S. Rajendran,VILUPPURAM,AIADMK,0,Graduate,"Rs 62,00,000","Rs 23,71,331"
Radhakrishnan,VIRUDHUNAGAR,AIADMK,0,10th Pass,"Rs 4,37,36,485","Rs 52,73,447"
Dr. Kambhampati Hari Babu,VISAKHAPATNAM,BJP,0,Doctorate,"Rs 9,01,03,580","Rs 18,54,856"
Ashok Gajapathi Raju Pusapati,VIZIANAGARAM,TDP,0,10th Pass,"Rs 3,90,54,905",Rs 0
Kadiyam Srihari,WARANGAL,TRS,6,Post Graduate,"Rs 1,34,95,000",Rs 0
Ramdas Chandrabhanji Tadas,WARDHA,BJP,5,10th Pass,"Rs 3,36,28,998","Rs 17,49,314"
M I Shanavas,WAYANAD,INC,0,Post Graduate,"Rs 2,71,22,055","Rs 77,11,000"
Parvesh Sahib Singh,WEST DELHI,BJP,1,Post Graduate,"Rs 10,72,35,461","Rs 2,66,50,000"
Gawali Bhavana Pundlikrao,YAVATMAL-WASHIM,SHS,4,Graduate,"Rs 6,08,86,040","Rs 73,68,967"
B.B.Patil,ZAHIRABAD,TRS,0,Graduate,"Rs 1,02,31,73,039","Rs 8,35,17,670"
